model,augmented,baseline,delta_accuracy
CNN,0.46130592503022977,0.4860943168077388,-0.024788391777509022
CRNN,0.5084643288996372,0.5816203143893591,-0.07315598548972191
Ensemble,0.5235792019347038,0.5538089480048367,-0.030229746070132957
ResNet-lite,0.5145102781136639,0.5634824667472793,-0.04897218863361541
Transformer,0.31136638452237003,0.3264812575574365,-0.015114873035066478
